{"cameraMode":{"drawMode":0,"name":"Shaded","section":"Shading Mode"},"sceneLighting":false,"audioPlay":false,"sceneViewState":{"showFog":true,"showMaterialUpdate":false,"showSkybox":false,"showFlares":true,"showImageEffects":true,"showParticleSystems":true},"in2DMode":false,"pivot":{"x":0.32886508107185366,"y":0.24224942922592164,"z":-0.1986757218837738},"rotation":{"x":0.26140180230140688,"y":-0.454561322927475,"z":0.14151690900325776,"w":0.8396584987640381},"size":2.4895129203796388,"orthographic":false}